Uuid,Void/Retire,Name,Description,Format,Foreign uuid,Searchable,Edit privilege,_order:1002,_version:2
a6468de1-d3ea-4de1-b2bb-51ad8c6ef572,,Patient Identifier,National Identifier Type,org.openmrs.Concept,c171a573-b8ef-4417-bca5-1f336a6f9f64,yes,,,
cdde7653-d356-4014-9bfb-bbdd7acac83a,,Identifiervalue,Enter Identifier Number,java.lang.String,,,,,
2babc06f-dc8c-4e06-97b3-d97ce199f4d7,,primaryContact(MTN/WhatsApp),Primary Contact,java.lang.String,,yes,,,
8d927881-4568-4312-9d6e-bef63f38f354,,SecondaryContact(Non-MTN),Secondary Contact,java.lang.String,,,,,
d2bc33e9-2a45-48ee-8e54-2f8aaeb16dc4,,whatsappContact,WhatsApp Contact,java.lang.String,,,,,
d3604e25-615b-4f6f-9e76-b02a11442c5c,,other_education_status,Specify Education Level,java.lang.String,,,,,
f7d67027-e7bf-4366-a137-876c38fc0b1c,,Nationality,Nationality,org.openmrs.Concept,1289c2e3-0f4e-4e19-88b3-2065f8a1ff80,yes,,,
f4145584-a129-4485-9554-050a55061962,,otherNationality(PleaseSpecify),Other Nationality (Please Specify),java.lang.String,,yes,,,
6bc6ad9a-7bcb-45ae-995e-7848ad83d952,,patient_religion,Religion,org.openmrs.Concept,fe9549f4-2466-47ec-afc8-1928d90e5d47,yes,,,
351285dc-e2c8-46e4-b889-f3950cf8112e,,other_religion_specify,Other Religion (Please Specify),java.lang.String,,,,,
464b758a-62c1-4fe9-8670-daed5169eb68,,preferredLanguage,Preferred Language,org.openmrs.Concept,2064512d-6d60-4dd3-a81e-4886a197444e,yes,,,
a437676d-45cf-4779-b1be-8f76a3942690,,Tribe,Tribe,org.openmrs.Concept,fdb2f017-ce26-4696-a391-c403e225b251,yes,,,
a8fa9c7b-7b29-45e9-a152-83e117c66650,,"otherTribe(Pleasespecify)
",Other Tribe (Please specify),java.lang.String,,yes,,,
c481d369-374a-4d1c-8a13-8a4ab0e3c626,,relationship,Relationship Type,org.openmrs.Concept,cf8f666f-7471-4c03-8e5f-9d69821fd0b0,,,,
b292a13d-5ab8-4825-ae2f-d005d0e8ef38,,relationshipContacts,Contacts,java.lang.String,,,,,
c79ecb44-c0a7-4c15-866d-c3de72090bf5,,other_occupation_specify,Other Occupation (Please Specify),java.lang.String,,,,,
9d2e79fd-ab6c-4c3b-8b4c-2dfec88e5154,,comments,Relationship Data,java.lang.String,,,,,
9b83e9af-ef32-4cce-8532-25979710b819,,Patient NHIS number,NHIS Number,java.lang.String,,,,,
c95e76bb-a4d4-41e4-94d0-227dc37dab46,,Health facility code,,java.lang.String,,,,,
15554183-926f-4209-a598-12d1707ef0ce,,patient_death_info,Dead?,org.openmrs.Concept,79bdb24a-a7ba-43a8-9efb-f6ece23eb9a0,yes,,,
69236146-b2db-42be-a62f-57c01d338c97,,causeOfDeath,Cause of Death,org.openmrs.Concept,5afd4f97-7891-4750-a4cd-eb3c080423e6,yes,,,
a384873b-847a-4a86-b869-28fb601162dd,TRUE,phoneNumber,Phone Number,java.lang.String,,yes,,,
27fa84ff-fdd6-4895-9c77-254b60555f39,TRUE,alternatePhoneNumber,Alternate Phone Number,java.lang.String,,yes,,,
41d7e6f5-5710-43e6-baf6-1da80d90847d,,typeOfInsurance,Type Of Insurance,org.openmrs.Concept,6cf0ddd0-59f5-44d1-8bbd-dc9875071ee1,yes,,,
3e9a7663-c8ad-4cd1-af1e-2037d58eb1b3,,receiveSMSNotification,Receive SMS Notification?,org.openmrs.Concept,d1e05738-e1bb-4857-b498-d4d1ec799b6f,,,,
80a80ab7-bca2-4101-8ac9-a33ac8bf3870,,smsContact,Enter SMS Contact ,java.lang.String,,,,,
57eab3ef-500c-480c-a9e9-16905e00fcf9,,registrationFee,Registration Fee,java.lang.String,,,,,
154751ff-fb45-4c6b-bb84-aa89f6789dee,,loginLocation,Login Location,java.lang.String,,,,,