Uuid,Void/Retire,Name,Description,Parent,Attribute|id_prefix,Tags,Address 1,Address 2,Address 3,Address 4,Address 5,Address 6,City/Village,County/District,State/Province,Postal Code,Country,_order:1001
72636eba-29bf-4d6c-97c4-4b04d87a95b5,yes,Bahmni Hospital,,,,Facility; Visit Location,,,,,,,,,,,,
1973e910-160e-42ef-9daf-3f020f62c4cf,yes,Registration Desk,,Bahmni Hospital,,Login Location,,,,,,,,,,,,
5e232c47-8ff5-4c5c-8057-7e39a64fefa5,yes,OPD-1,,Bahmni Hospital,,Login Location; Appointment Location,,,,,,,,,,,,
62b55a63-f3a0-4f7c-9ea6-a85f2e7cd09a,yes,OPD-2,,Bahmni Hospital,,Login Location; Appointment Location,,,,,,,,,,,,
b5da9afd-b29a-4cbf-91c9-ccf2aa5f799e,yes,Emergency,,Bahmni Hospital,,Login Location; Admission Location,,,,,,,,,,,,
9212680d-bb7c-412a-bd07-d24358f5a4ad,yes,Emergency Ward,,Emergency,,Admission Location,,,,,,,,,,,,
8e6ad830-21be-488b-87af-5e480334342c,yes,General Ward,,Bahmni Hospital,,Login Location; Admission Location,,,,,,,,,,,,
046a84ac-cd6a-4725-b712-24cb115d1c55,yes,General Ward Room-1,,General Ward,,Admission Location,,,,,,,,,,,,
6f9ad5d9-bcfe-45fb-82b1-c48bf6ae051f,yes,General Ward Room-2,,General Ward,,Admission Location,,,,,,,,,,,,
60864f46-e903-44b2-a59a-dd25d41eafbd,yes,Pediatric Ward,,Bahmni Hospital,,Login Location; Admission Location,,,,,,,,,,,,
df352801-7c6c-4dd5-bbef-0c01a216d453,yes,Pediatric Ward Room-1,,Pediatric Ward,,Admission Location,,,,,,,,,,,,
44cc2e40-ddce-415b-b5fc-2d99372ab117,yes,General OT,,Bahmni Hospital,,Operation Theater,,,,,,,,,,,,
9a1e5cd6-8e2e-41c6-a923-044cc55d7613,yes,Orthopaedic OT,,Bahmni Hospital,,Operation Theater,,,,,,,,,,,,
b7d4142c-9e54-45c8-bf08-c11510307480,,Anglican University,,,,Login Location;Visit Location;Appointment Location;,,,,,,,,,,,,
2821d5bc-9a62-4c62-bf0b-412df1705027,,Falicility Clinic,,,,Login Location;Visit Location;Appointment Location;,,,,,,,,,,,,
245ccff5-9c71-4b38-9fa9-ce3fd41a2a6f,,Home Location,,,,Login Location;Visit Location;Appointment Location;,,,,,,,,,,,,
47584583-d71f-46cc-9de6-e70e7bb805e0,,Location A,,,,Login Location;Visit Location;Appointment Location;,,,,,,,,,,,,
5a65e10b-6048-4660-ad4b-d30a31cfe126,,Location B,,,,Login Location;Visit Location;Appointment Location;,,,,,,,,,,,,
919cd20f-395a-485d-b29a-cdfc31c4964c,,Location C,,,,Login Location;Visit Location;Appointment Location;,,,,,,,,,,,,
5c173e8c-7689-4440-8cb0-a2e4b3e877df,,Location D,,,,Login Location;Visit Location;Appointment Location;,,,,,,,,,,,,
9c983bf6-49d5-478b-bcaf-80e23b4137e5,,Medilife Pharmacy,,,,Login Location;Visit Location;Appointment Location;,,,,,,,,,,,,
443a7ae9-b581-4c0b-be48-df4b4326b7ca,,Mo-Ment Team Base,,,,Login Location;Visit Location;Appointment Location;,,,,,,,,,,,,
080fbe2e-1120-4f59-85ea-411725704178,,Rendez-Vous Location,,,,Login Location;Visit Location;Appointment Location;,,,,,,,,,,,,
fcdb3906-cdea-4937-90c2-0a5820000ee1,,Techiman Health Center,,,,Login Location;Visit Location;Appointment Location;,,,,,,,,,,,,