Uuid,Void/Retire,Name,Description,_version:1,_order:1001
,,OPD,Visit for Out patient,,
,,IPD,Visit for patients being admitted,,
,,EMERGENCY,Visit for emergency patients,,
,True,Special OPD,Visit for retrospective data entry,,
,True,Follow Up,Visit for patients coming for a follow up,,
,True,LAB VISIT,Visits for lab visit by patient when the tests are not ordered through OpenMRS,,
c23d6c9d-3f10-11e4-adec-0800271c1b75,,Special OPD,"Visit for patients coming for Dental, Spine, Skin etc",,
b9cb32c9-3f12-11e4-adec-0800271c1b75,,PHARMACY,Visit for syncing sale orders from pharmacy,,
bef32e14-3f12-11e4-adec-0800271c1b75,,LABORATORY,Visits for lab visit by patient when the tests are not ordered through OpenMRS,,
b2502960-c846-4386-ade2-e9cdfd2a98a5,true,TELECONSULTATION,,,
d721754b-ef51-493d-bd7e-7e81c863252c,,RENDEZ VOUS,Community visits outside of homes,,
bb110b3e-9f42-405d-a3c1-3a4e4491d335,,DOMICILIARY,Home visits,,
077103d1-b22e-4e00-8ce8-400e16ffab6b,true,Admin,Visits for Admin purposes only,,
dd8f85c5-c9ed-4a63-a8f5-1071c0700339,,Mobile audio teleconsultation,,,
