Uuid,Void/Retire,Fully specified name:en,Short name:en,Description:en,...,_version:1,_order:210,Data class,Data type,Answers
a193dd35-b96c-4d0f-803a-8e42178b3013,,NHIS Claims Check Code (CCC),CCC,Chaims check code,,,,Question,Text,
378c97a5-9941-4061-ae4a-1327361fc151,,NHIS Form No. (Form No),Form No,Form Number,,,,Question,Text,
9e17adb2-6c80-4a1d-a5c1-495dbeed95ff,,NHIS Health Facility Code (Health Facility Code),Health Facility Code,,,,,Question,Text,
8082c00f-a663-47f1-aabb-0a6f8d375396,,NHIS Scheme Code (Scheme Code),NHIS Scheme Code,,,,,Question,Text,
d8a70489-7bde-45a2-bfbf-f56d0c99c6e2,,NHIS Date of Claim (Date of Claim),Date of Claim,,,,,Question,Date,
0b4cd3e9-fa78-4b70-804f-05149f3a324f,,NHIS Serial Number,Serial No.,,,,,Question,Numeric,
d45acb73-4c61-43f3-bd02-095ff8f249f8,,NHIS Number,NHIS No.,,,,,Question,Numeric,
8c056798-cd88-42cf-8a8b-da6ef4317974,,Folder Number,Folder No.,,,,,Question,Numeric,
fc9141f0-df46-447f-8d11-adc7d23a1472,,Form Details,Form Details,,,,,Misc,N/A,
d481cf16-2db2-45fe-8b0d-2d4c44949023,,NHIS Service type - Outpatients,Outpatients,,,,,Misc,N/A,
7bfc2096-12e9-484d-891b-bb99940ba6cf,,NHIS Service type - Inpatients,Inpatients,,,,,Misc,N/A,
245d2c4e-3f71-4a65-902a-7d903335c9a2,,NHIS Service type - Diagnostics,Diagnostics,,,,,Misc,N/A,
6f3f31a5-1d84-4033-9f8f-b5f5e18ef9da,,NHIS Service type - Pharmacy,Pharmacy,,,,,Misc,N/A,
219a4ec9-53a0-48cf-b081-df3f21bb4939,,NHIS Type of service,Type of service,,,,,Question,Coded,"NHIS Service type - Outpatients; NHIS Service type - Inpatients; NHIS Service type - Diagnostics; NHIS Service type - Pharmacy; "
f13b8527-6b46-4fcd-ab9a-5b962b9b4d53,,Service Type Details,Service Type Details,,,,,Misc,N/A,
134f5d16-0f80-4fc5-a068-e8b8f22f31d2,,NHIS Service type - All inclusive,All inclusive,,,,,Misc,N/A,
2b63b378-d8d6-4c95-83ea-53ca25594111,,NHIS Service type - Unbundled,Unbundled,,,,,Misc,N/A,
c28e2ab8-46ff-4229-aad8-7d614713810a,,NHIS Service Type-Plan,Plan,,,,,Question,Coded,NHIS Service type - Unbundled; NHIS Service type - All inclusive
db4e5a56-1ef6-49ab-8fb6-489c731066fd,,Service Type-Plan Details,Service Type-Plan Details,,,,,Misc,N/A,
e9db92a1-f385-4b4b-b6e6-dd93cfd128e0,,NHIS Service Outcome - Discharged,Discharged,,,,,Misc,N/A,
3c1e5a1e-5d05-477c-9372-56a518e9a78a,,NHIS Service Outcome - Died,Died,,,,,Misc,N/A,
94986230-43e5-4c45-bafe-a2e5145ac8e8,,NHIS Service Outcome - Transferred Out,Transferred Out,,,,,Misc,N/A,
6f267907-eeac-47e1-9e95-fe0199dfeda2,,NHIS Service Outcome - Absconded/Discharged Against Medical Advice,Absconded/Discharged Against Medical Advice,,,,,Misc,N/A,
8b8c3204-5fe9-4aa4-84b9-649d4e394d91,,NHIS Service Outcome,Outcome,,,,,Question,Coded,NHIS Service Outcome - Discharged; NHIS Service Outcome - Died; NHIS Service Outcome - Transferred Out; NHIS Service Outcome - Absconded/Discharged Against Medical Advice;
e300ecd6-86cb-453b-8b54-86fa3ec09b4f,,Service Outcome Details,Service Outcome Details,,,,,Misc,N/A,
dd3aa397-33e6-4f20-8a5a-00534b71d803,,NHIS Date(s) of Service Provision,NHIS Date(s) of Service Provision,,,,,Question,Date,
99bb3abb-7aa5-40b4-8125-562fa807c435,,NHIS First Visit/Admission Date,1st Visit/Admission Date,,,,,Question,Date,
a8528a78-c7fe-4b43-91a8-444cd43af3cb,,NHIS 2nd Visit/Discharge,2nd Visit/Discharge,,,,,Question,Date,
8ee6f860-33ec-420e-bd8e-4cb5fcc5db0d,,NHIS 3rd Visit Date,3rd Visit Date,,,,,Question,Date,
2ad1c51f-d75d-40dc-be9a-2a80e2aab6fa,,NHIS 4th Visit Date,4th Visit Date,,,,,Question,Date,
0a271c3c-8889-4506-8087-14ec778a45d6,,NHIS Duration of Spell (days),Duration of Spell (days),,,,,Question,Numeric,
0a7b24c0-82e4-4be3-98eb-248784561cc4,,Service Provition Details,Service Provition Details,,,,,Misc,N/A,
4d97da8e-c7b3-4cc6-b03a-e0c2d32b61ad,,NHIS Chronic / Follow-up,Chronic / Follow-up,,,,,Misc,N/A,
18e33906-77ac-4b40-86db-49e36ebd18e6,,NHIS Emergency/Acute episode,Emergency/Acute episode,,,,,Misc,N/A,
e5241348-f493-4bff-8a6e-0b2c75794f2f,,NHIS Specialty Code,Specialty Code,,,,,Misc,N/A,
91205e5a-f33b-4260-8104-722f622e65d7,,NHIS Type of Attendance,Type of Attendance,,,,,Question,Coded,NHIS Chronic / Follow-up; NHIS Emergency/Acute episode; NHIS Specialty Code
ab341288-2346-4ad8-a4a8-24ed4c2c859f,,NHIS Attendance Details," Attendance Details",,,,,Misc,N/A,
4519a205-564d-41c2-8c84-3a8034aaf669,,NHIS Physician/Clinician Name,Physician/Clinician Name,,,,,Question,Text,
cf5efe1d-882a-4c35-ac0a-9ebdb88ae7a9,,Physician / Clinician ID,Physician / Clinician ID,,,,,Question,Text,
4deb53c2-b592-4375-95de-06d5920548a7,,NHIS Physician/Clinician Details,Physician/Clinician Details,,,,,Misc,N/A,
839dd3fc-0dfb-4904-9911-7bc6e77a57dc,,Health Facility Insurance Claim Officer Name,HF Claim Officer Name,,,,,Question,Text,
d377b214-17a3-4977-b5aa-ce0ac3f07e39,,Health Facility Insurance Claim Officer Signature,HF Claim Officer Signature,,,,,Question,Text,
6b3b5190-fdd9-4063-88bf-e519c61c58a7,,NHIS Claims Officer Details,Claims Officer Details,,,,,Misc,N/A,
5eac9adc-cb32-4221-97c4-dc4a005680f0,,NHIS Signature of Receiving Officer,Signature of Receiving Officer,,,,,Question,Text,
a3476dd3-2995-4129-af27-0404e7757da2,,NHIS Action 1 Taken,Action 1 Taken,,,,,Question,Text,
efb9f6b9-fcce-459b-bcab-d0d74f39d508,,NHIS Action 1 Date,Action 1 Date,,,,,Question,Text,
943bef0c-2594-4bc7-8a71-73d13578581a,,NHIS Action 1 Officer's Signature,Action 1 Officer's Signature,,,,,Question,Text,
8e08c7df-017e-43f8-93d5-006eaa2b1339,,NHIS Action 2 Taken,Action 2 Taken,,,,,Question,Text,
b85d1c78-e780-44d7-ac45-7d80a4e3597f,,NHIS Action 2 Date,Action 2 Date,,,,,Question,Text,
0446c31a-93cc-4745-9438-bbdc9b433e51,,NHIS Action 2 Officer's Signature,Action 2 Officer's Signature,,,,,Question,Text,
6b1972ac-6471-4e3d-b7bf-4df2213d23d7,,Ghana Health Service,Ghana Health Service,,,,,Question,Text,
3f3af290-4966-4d65-9971-0a14932cd672,,"District, Residence",District,,,,,Question,Text,
d7554861-7f0f-404f-9152-dacd086f7996,,NHIS Scheme Details,Scheme Details,,,,,Misc,N/A,
f811a7e3-190c-4e3e-982f-13f1234ba2d5,,"NHIS Form ","NHIS Claim Form ",,,,,Misc,N/A,