Uuid,Void/Retire,Fully specified name:en,Short name:en,Description:en,...,_version:1,_order:21,Data class,Data type,Answers
7006384d-d43a-426c-b400-bbe2df70a5d6,,Clinic Date,,,,,,Question,Date,
06038a79-1a21-4284-9442-f2892ffd96d4,,P/A (PER ABDOMEN) Observations,,,,,,Question,Text,
457e19b3-cc14-40a0-8094-baabef362b99,,LMP (319),,,,,,Question,Date,
6eab69d4-e02e-4a7f-b9e4-212fc377ab7a,,"ANC, Expected Delivery Date (1721)",,,,,,Question,Date,
597c26da-fe15-46d9-a5aa-afef3625aa9f,,"ANC, Gravida (1718)",,,,,,Question,Numeric,
042044be-12fd-40ef-89dd-64a82b8f1261,,"ANC, Parity (1719)",,,,,,Question,Numeric,
20374ca3-1f99-41fa-b41a-4117257d9604,,Fundal Height (Weeks) (311),,,,,,Question,Numeric,
9000b9b6-3270-4edc-b308-21721f41f930,,P/A Presenting Part (312),,,,,,Question,Text,
16de8560-3727-4162-814d-2b4cb52d1848,,FHS (316),,,,,,Question,Numeric,
a940685e-6ba3-4023-b760-49c96820c610,,"ANC, Pelvic Adequacy (7007)",,,,,,Question,Boolean,
7c60501d-7ff2-438f-9fd0-779a675c4d4f,,ANC (Urine) Comment,,,,,,Question,Text,
1019a6c3-77ab-40db-a149-500d751004a8,,Blood Pressure (126),,,,,,Question,Numeric,
c2e99ccb-2121-43a8-9274-0431ffb1a6bd,,"USG, Findings (3045)",,,,,,Question,Text,
7c8c64ea-5773-47e8-aa41-1f760ec3c029,,Amount of Liquor Adequate?,,,,,,Question,Boolean,
