Uuid,Void/Retire,Same as mappings,Fully specified name:en,Fully specified name:fr,Short name:en,Short name:fr,Description:en,Description:fr,Data class,Data type,Complex data handler,Answers,Members,Allow decimals,Units,Normal low,Normal high,Absolute low,Absolute high,_version:1,_order:200
2c9377f5-9bdf-40ef-9353-32c4eb2bda4d,,,MEDI01A Thyroid Diseases >=12 Yrs ,,,,,,Procedure,N/A,,,,,,,,,,,
1765d472-0227-4ea3-94e8-60ae031322e2,,,MEDI02A Diabetes – Simple >=12 Yrs ,,,,,,Procedure,N/A,,,,,,,,,,,
122bc4aa-de53-4f8b-91c6-4391dc0a90be,,,MEDI03A Diabetes – Complicated >=12 Yrs ,,,,,,Procedure,N/A,,,,,,,,,,,
188c37bc-804a-4e2a-bbb4-c2bd6343e545,,,MEDI04A Other Endocrine Diseases >=12 Yrs,,,,,,Procedure,N/A,,,,,,,,,,,
50349fe8-f88c-4967-82f1-0717872e0bee,,,MEDI05A Malnutrition >=12 Yrs,,,,,,Procedure,N/A,,,,,,,,,,,
845c50c3-43c8-4838-b42b-55804d0a8759,,,MEDI06A Anaemia >=12 Yrs ,,,,,,Procedure,N/A,,,,,,,,,,,
c4c04bee-9a61-48ee-9b50-f45f709bb80a,,,MEDI07A Heart Disease >=12 Yrs ,,,,,,Procedure,N/A,,,,,,,,,,,
8b989c90-aa1e-44ad-8342-c4836b74114f,,,MEDI08A Poisoning >=12 Yrs,,,,,,Procedure,N/A,,,,,,,,,,,
f8904832-d384-459d-95a9-9ebab653d0f6,,,MEDI10A Non-Traumatic Coma >=12 Yrs ,,,,,,Procedure,N/A,,,,,,,,,,,
feea39d4-f037-48c3-b029-e067a452c296,,,MEDI11A Paralytic Conditions >=12 Yrs ,,,,,,Procedure,N/A,,,,,,,,,,,
de6d5164-45f6-45a7-95b6-c7a8dc0a1ad2,,,MEDI12A Seizure Disorders >=12 Yrs ,,,,,,Procedure,N/A,,,,,,,,,,,
24a62bfb-09b3-446e-bac6-3ca894035616,,,MEDI13A Transient Loss of Consciousness >=12 Yrs ,,,,,,Procedure,N/A,,,,,,,,,,,
c008cf2b-33e8-410c-bebe-62b218f75594,,,MEDI14A Cerebro Vascular Accident/Stroke >=12 Yrs ,,,,,,Procedure,N/A,,,,,,,,,,,
fb370cb2-6c91-4916-99b5-8731696d65df,,,MEDI15A Bone Marrow Hypoplasia >=12 Yrs ,,,,,,Procedure,N/A,,,,,,,,,,,
63d5b8b4-88ca-42d4-84f0-3a9c5b04d176,,,MEDI16A Sickle Cell Disease with Complication/Crisis >=12 Yrs,,,,,,Procedure,N/A,,,,,,,,,,,
ee196c16-f4de-457f-bce6-5206ee91bdc6,,,MEDI17A Clotting/Bleeding Disorders >=12 Yrs,,,,,,Procedure,N/A,,,,,,,,,,,
f21fac88-5b60-4faa-acad-1f9a760dafb8,,,MEDI18A Diseases of Skin/Subcutaneous Tissues >=12 Yrs ,,,,,,Procedure,N/A,,,,,,,,,,,
e4cbc847-318f-4201-b4e6-5dc884786a1c,,,MEDI19A Kidney Disease without Renal Failure >=12 Yrs ,,,,,,Procedure,N/A,,,,,,,,,,,
8c4829c5-0180-4648-9084-894cc47c65f9,,,MEDI20A Renal Failure without Dialysis >=12 Yrs ,,,,,,Procedure,N/A,,,,,,,,,,,
951f0391-cc49-4665-b35c-d62bb6adebe4,,,MEDI21A Acute Renal Failure with Dialysis >=12 Yrs ,,,,,,Procedure,N/A,,,,,,,,,,,
fe8320b2-d1a5-450b-b208-970b70cbcab4,,,MEDI22A Obstructive Airway Disease >=12 Yrs,,,,,,Procedure,N/A,,,,,,,,,,,
ab527cb8-1c0b-48e1-b87f-7e5d25799645,,,MEDI23A Diarrhoea and Vomiting >=12 Yrs ,Treatment Adult Medicine,,,,,Procedure,N/A,,,,,,,,,,,
dc2d1b44-4a88-4e73-acd1-23d2fb054544,,,MEDI24A Liver Diseases >=12 Yrs ,,,,,,Procedure,N/A,,,,,,,,,,,
9a73fd6c-c04a-4c53-a32a-68423431ea6b,,,MEDI25A Gastro Intestinal Tract Bleeding >=12 Yrs ,,,,,,Procedure,N/A,,,,,,,,,,,
9bcbef08-5b29-4953-aa05-ca9523964227,,,MEDI26A Non-Specific Abdominal Conditions >=12 Yrs,,,,,,Procedure,N/A,,,,,,,,,,,
5149f5a4-be4e-4551-8900-b69797df63cd,,,MEDI27A Shock >=12 Yrs ,,,,,,Procedure,N/A,,,,,,,,,,,
fbc862c5-cbd2-4dbe-9d0f-63ce8d6012d1,,,MEDI28A Malaria >=12 Yrs ,,,,,,Procedure,N/A,,,,,,,,,,,
47240c8f-740a-4ddd-bc4b-90ee78c40440,,,MEDI29A Black Water Fever >=12 Yrs ,,,,,,Procedure,N/A,,,,,,,,,,,
e5b8b6b9-42af-486f-b68d-c2aa59d2db73,,,MEDI30A Systemic Infections >=12 Yrs ,,,,,,Procedure,N/A,,,,,,,,,,,
b3a2aa9c-8c8b-4069-8dc2-f9028b2078aa,,,MEDI31A Localised Infections >=12 Yrs ,,,,,,Procedure,N/A,,,,,,,,,,,
9cd1820a-563e-40b9-9bff-5944c626c503,,,MEDI32A Hypertension >=12 Yrs ,,,,,,Procedure,N/A,,,,,,,,,,,
8d2e3db4-0fd8-4c50-8a6c-81107a151a1f,,,MEDI33A Ischaemic Heart Disease >=12 Yrs ,,,,,,Procedure,N/A,,,,,,,,,,,
7ca6904d-1c90-4353-9799-2958fad78bb1,,,MEDI34A Pulmonary Embolism >=12 Yrs ,,,,,,Procedure,N/A,,,,,,,,,,,
1419cea4-151b-42a8-a313-8b14c128b6a0,,,MEDI35A Ulcer of Skin >=12 Yrs ,,,,,,Procedure,N/A,,,,,,,,,,,
fa3bacd0-54c2-4edc-a33c-d532610c66e2,,,MEDI36A Alcoholism >=12 Yrs ,,,,,,Procedure,N/A,,,,,,,,,,,
37759e18-9a79-4487-b6fb-236e95f5c3fa,,,MEDI37A Animal Bites >=12 Yrs,,,,,,Procedure,N/A,,,,,,,,,,,
19179200-67e0-4f4e-b457-dce50d154bcf,,,MEDI38A Retroviral Infection/Immuno Suppression >=12 Yrs ,,,,,,Procedure,N/A,,,,,,,,,,,
c52591bf-c81a-4b0f-8923-bd3581d7c5e0,,,MEDI41A Cerebral Malaria ,,,,,,Procedure,N/A,,,,,,,,,,,
b2c98de5-6120-4e45-a2fd-780035f56a5j,,,Treatments (Adult Medicine),,,,,,ConvSet,N/A,,,"MEDI01A Thyroid Diseases >=12 Yrs;
MEDI02A Diabetes – Simple >=12 Yrs;
MEDI03A Diabetes – Complicated >=12 Yrs;
MEDI04A Other Endocrine Diseases >=12 Yrs;
MEDI05A Malnutrition >=12 Yrs;
MEDI06A Anaemia >=12 Yrs;
MEDI07A Heart Disease >=12 Yrs;
MEDI08A Poisoning >=12 Yrs;
MEDI10A Non-Traumatic Coma >=12 Yrs;
MEDI11A Paralytic Conditions >=12 Yrs;
MEDI12A Seizure Disorders >=12 Yrs;
MEDI13A Transient Loss of Consciousness >=12 Yrs;
MEDI14A Cerebro Vascular Accident/Stroke >=12 Yrs;
MEDI15A Bone Marrow Hypoplasia >=12 Yrs;
MEDI16A Sickle Cell Disease with Complication/Crisis >=12 Yrs;
MEDI17A Clotting/Bleeding Disorders >=12 Yrs ;
MEDI18A Diseases of Skin/Subcutaneous Tissues >=12 Yrs;
MEDI19A Kidney Disease without Renal Failure >=12 Yrs;
MEDI20A Renal Failure without Dialysis >=12 Yrs;
MEDI21A Acute Renal Failure with Dialysis >=12 Yrs;
MEDI22A Obstructive Airway Disease >=12 Yrs;
MEDI23A Diarrhoea and Vomiting >=12 Yrs;
MEDI24A Liver Diseases >=12 Yrs;
MEDI25A Gastro Intestinal Tract Bleeding >=12 Yrs;
MEDI26A Non-Specific Abdominal Conditions >=12 Yrs;
MEDI27A Shock >=12 Yrs;
MEDI28A Malaria >=12 Yrs;
MEDI29A Black Water Fever >=12 Yrs;
MEDI30A Systemic Infections >=12 Yrs;
MEDI31A Localised Infections >=12 Yrs;
MEDI32A Hypertension >=12 Yrs;
MEDI33A Ischaemic Heart Disease >=12 Yrs;
MEDI34A Pulmonary Embolism >=12 Yrs;
MEDI35A Ulcer of Skin >=12 Yrs;
MEDI36A Alcoholism >=12 Yrs;
MEDI37A Animal Bites >=12 Yrs;
MEDI38A Retroviral Infection/Immuno Suppression >=12 Yrs;
MEDI41A Cerebral Malaria;",,,,,,,,