Uuid,Void/Retire,Same as mappings,Fully specified name:en,Fully specified name:fr,Short name:en,Short name:fr,Description:en,Description:fr,Data class,Data type,Complex data handler,Answers,Members,Allow decimals,Units,Normal low,Normal high,Absolute low,Absolute high,_version:1,_order:201
69e23d10-9a81-4887-89fc-18f91b31d974,,,OPDC02A Antenatal/Postnatal ,,,,,,Procedure,N/A,,,,,,,,,,,
9ff77fb7-5ff5-40c4-be2c-b5ddd3f21e92,,,OPDC03A Dental Adult (without procedure) ,,,,,,Procedure,N/A,,,,,,,,,,,
b1c3969b-f56f-4589-846e-2f57ac9171ec,,,OPDC03C Dental Child (without procedure) ,,,,,,Procedure,N/A,,,,,,,,,,,
6c183907-518d-4296-a5b1-e31572cb3a99,,,OPDC04A ENT Adult (without procedure) ,,,,,,Procedure,N/A,,,,,,,,,,,
f12f0e68-766d-4866-b930-e4f0ec6365f7,,,OPDC04C ENT Child (without procedure),,,,,,Procedure,N/A,,,,,,,,,,,
fca8762a-f1dc-45bb-b111-d75f93c494bf,,,OPDC05A Eye Adult (without procedure),,,,,,Procedure,N/A,,,,,,,,,,,
58a904de-83fc-4c47-b2c3-93158a0e19d1,,,OPDC05C Eye Child (without procedure) ,,,,,,Procedure,N/A,,,,,,,,,,,
6b44aa14-7652-45a8-8c57-cd2619c5fa07,,,OPDC06A General OPD - Adult ,,,,,,Procedure,N/A,,,,,,,,,,,
fc0e5d4a-9fce-431c-b0b6-0c834a2a567f,,,OPDC06C General OPD - Child ,,,,,,Procedure,N/A,,,,,,,,,,,
650b0269-9641-40f8-98be-833ca21ce763,,,OPDC11A Unbundled Consultation - Adult ,,,,,,Procedure,N/A,,,,,,,,,,,
6d36197e-d691-4c51-b928-c5946b308f4b,,,OPDC11C Unbundled Consultation - Child,,,,,,Procedure,N/A,,,,,,,,,,,
0e85f082-c765-47cb-bade-ebf457585d60,,,OPDC13A Physiotheraphy-Adult ,,,,,,Procedure,N/A,,,,,,,,,,,
4f33d0e4-b8c1-4d03-a62d-42a01d848866,,,OPDC13C Physiotheraphy-Child ,,,,,,Procedure,N/A,,,,,,,,,,,
a14b076d-97a8-4b02-834a-e6a5977075fc,,,OPDC14A Capitation OPD -Adult,,,,,,Procedure,N/A,,,,,,,,,,,
183720cc-ac38-4aaf-a94c-048951656c38,,,OPDC14C Capitation OPD -Child,,,,,,Procedure,N/A,,,,,,,,,,,
1205a88c-4388-4b7e-b6f5-4deeed3830fc,,,Treatments (OPD),,,,,,ConvSet,N/A,,,"OPDC02A Antenatal/Postnatal;
OPDC03A Dental Adult (without procedure);
OPDC03C Dental Child (without procedure);
OPDC04A ENT Adult (without procedure);
OPDC04C ENT Child (without procedure);
OPDC05A Eye Adult (without procedure);
OPDC05C Eye Child (without procedure);
OPDC06A General OPD - Adult;
OPDC06C General OPD - Child;
OPDC11A Unbundled Consultation - Adult;
OPDC11C Unbundled Consultation - Child;
OPDC13A Physiotheraphy-Adult;
OPDC13C Physiotheraphy-Child;
OPDC14A Capitation OPD -Adult;
OPDC14C Capitation OPD -Child;",,,,,,,,