Uuid,Void/Retire,Same as mappings,Fully specified name:en,Fully specified name:fr,Short name:en,Short name:fr,Description:en,Description:fr,Data class,Data type,Complex data handler,Answers,Members,Allow decimals,Units,Normal low,Normal high,Absolute low,Absolute high,_version:1,_order:1001
b429efa6-1b68-42db-b2a5-b85c5297eea9,,,ASUR01A Operations of thyroid & parathyroid glands >=12 Yrs ,,,,,,Procedure,N/A,,,,,,,,,,,
8cbb2375-a66c-4e56-8f6e-88c100fb918b,,,ASUR02A Surgery for lung and bronchus lesions >=12 Yrs ,,,,,,Procedure,N/A,,,,,,,,,,,
edadede3-219e-462e-8b68-62624b303033,,,ASUR03A Thoracostomy and chest tube insertion >=12 Yrs ,,,,,,Procedure,N/A,,,,,,,,,,,
ea0ad9a3-31f3-482e-a6c4-45b2605f87d9,,,ASUR04A Operations on the oesophagus and diaphragm >=12 Yrs ,,,,,,Procedure,N/A,,,,,,,,,,,
e9115feb-75e0-4b67-9b5a-fbf0bc2118b0,,,ASUR05A Excision of Neck Swellings >=12 Yrs ,,,,,,Procedure,N/A,,,,,,,,,,,
2786a7aa-1653-49db-8db4-2e1fbc4631be,,,ASUR06A Laparotomy for solid organ Surgery >=12 Yrs ,,,,,,Procedure,N/A,,,,,,,,,,,
3639b4ad-6517-466c-8735-2ed0a33c3e86,,,ASUR07A Laparotomy for Gastric Surgery >=12 Yrs ,,,,,,Procedure,N/A,,,,,,,,,,,
dabb4095-9944-4bda-b810-d2acd2dd4535,,,ASUR08A Laparotomy for peritonitis >=12 Yrs ,,,,,,Procedure,N/A,,,,,,,,,,,
7c01d32a-7a92-4d53-a4dc-e8eb27ec7e90,,,ASUR09A Endoscopic surgery for bleeding oesophageal varices >=12 Yrs ,,,,,,Procedure,N/A,,,,,,,,,,,
62cf67cc-41c5-488e-8eea-7eb2f6656c90,,,ASUR10A Laparotomy and Small Bowel Resection >=12 Yrs ,,,,,,Procedure,N/A,,,,,,,,,,,
7638ec53-c2ac-4257-91fc-d67afc629414,,,ASUR11A Laparotomy and colon resection >=12 Yrs ,,,,,,Procedure,N/A,,,,,,,,,,,
52d92001-b5e0-41c4-a644-4fc1827b6c0b,,,ASUR12A Laparotomy for Colostomy or Ileostomy >=12 Yrs ,,,,,,Procedure,N/A,,,,,,,,,,,
9382a59a-aff0-4091-ac5a-e60f04994c9f,,,ASUR13A Laparotomy and AP Resection >=12 Yrs ,,,,,,Procedure,N/A,,,,,,,,,,,
e79e970c-6437-404f-b8f5-5fe8d46395cf,,,ASUR14A Percutaneous Ultrasound Guided Drainage of lesions >=12 Yrs ,,,,,,Procedure,N/A,,,,,,,,,,,
6f4e0c57-6915-4071-8cce-13ce114a4434,,,ASUR15A Operations on Anus >=12 Yrs,,,,,,Procedure,N/A,,,,,,,,,,,
4fc15434-d3af-4928-b925-ab96c35cb9fc,,,ASUR16A Laparotomy and drainage of liver >=12 Yrs ,,,,,,Procedure,N/A,,,,,,,,,,,
9c3d7476-115f-489f-b62d-78dd8eaafd56,,,ASUR17A Laparotomy for biliary surgery >=12 Yrs ,,,,,,Procedure,N/A,,,,,,,,,,,
7548ac79-1c05-4411-80ae-8eada29c8d69,,,ASUR18A Laparotomy and Pancreatic Surgery >=12 Yrs,,,,,,Procedure,N/A,,,,,,,,,,,
8d56163a-83cc-43a1-8926-e5817a45e32a,,,ASUR19A Internal Hernia Repair >=12 Yrs ,,,,,,Procedure,N/A,,,,,,,,,,,
d6d78fa8-1c9e-405b-b2dd-acf2a7d42e5d,,,ASUR20A External Hernia Repair >=12 Yrs ,,,,,,Procedure,N/A,,,,,,,,,,,
47c2f43f-7d42-4495-95ee-9700d2f4c184,,,ASUR21A Operations on the urethra >=12 Yrs ,,,,,,Procedure,N/A,,,,,,,,,,,
a784bad4-3d98-4894-8c35-7b6a38bd103c,,,ASUR22A Surgery on scrotum & tunica vaginalis >=12 Yrs ,,,,,,Procedure,N/A,,,,,,,,,,,
0585c2f0-e7ae-48a1-accc-e5f5f6a72bbb,,,ASUR23A Mastectomy >=12 Yrs ,,,,,,Procedure,N/A,,,,,,,,,,,
49e7fecd-f36a-43d0-b490-8858b099cac0,,,ASUR24A Vascular surgery operations >=12 Yrs ,,,,,,Procedure,N/A,,,,,,,,,,,
0e656ad9-611b-4ee5-8e10-c5faf78bf1db,,,ASUR25A Stripping and Ligation of veins >=12 Yrs ,,,,,,Procedure,N/A,,,,,,,,,,,
db60e8c2-8700-4928-84e3-3cd422a86f5d,,,ASUR27A Emergency circumcision >=12 Yrs ,,,,,,Procedure,N/A,,,,,,,,,,,
b7822a55-8452-4e18-b098-e97b292bcbe7,,,ASUR28A Genitourinary surgery >=12 Yrs ,,,,,,Procedure,N/A,,,,,,,,,,,
8d80e941-c37a-4daf-bffe-328375bc04da,,,ASUR30A General Surgery Excision Biopsy >=12 Yrs ,,,,,,Procedure,N/A,,,,,,,,,,,
a429b37d-a510-45d3-ab35-56bedc69ec9f,,,"ASUR31A Incision, Drainage and Debridement - General Surgery >=12 Yrs ",,,,,,Procedure,N/A,,,,,,,,,,,
4efaf770-30fa-46a3-be7b-c0849ff17671,,,ASUR32A Closure of colostomy and ileostomy >=12 Yrs ,,,,,,Procedure,N/A,,,,,,,,,,,
5344d197-194c-4707-a308-210265ac33dc,,,ASUR33A Laparotomy and Porto-caval Shunt >=12 Yrs ,,,,,,Procedure,N/A,,,,,,,,,,,
5ef9a64f-729c-410f-85ae-f0d7f85c5d04,,,ASUR34A Conservative management of surgery ,,,,,,Procedure,N/A,,,,,,,,,,,
f77e62cf-f180-4a65-b739-3b3cb3abcc50,,,ASUR35A Surgery for removal of finger/toe >= 12 Yrs,,,,,,Procedure,N/A,,,,,,,,,,,
d3c49397-352b-411b-ab4c-b8d46c3c259f,,,ASUR36A Surgery for removal of hand or foot >=12 Yrs ,,,,,,Procedure,N/A,,,,,,,,,,,
3774ebab-07e6-413a-b4ca-c7440afa9470,,,"ASUR37A Amputation below or through elbow or knee, through proximal joints or for the complete removal of limb >=12 Yrs  ",,,,,,Procedure,N/A,,,,,,,,,,,
5c76b7bc-4322-48d5-96f5-6674c8c6b4d9,,,Procedure (Adult Surgery),,,,,,ConvSet,N/A,,,"ASUR01A Operations of thyroid & parathyroid glands >=12 Yrs;
ASUR02A Surgery for lung and bronchus lesions >=12 Yrs;
ASUR03A Thoracostomy and chest tube insertion >=12 Yrs;
ASUR04A Operations on the oesophagus and diaphragm >=12 Yrs;
ASUR05A Excision of Neck Swellings >=12 Yrs;
ASUR06A Laparotomy for solid organ Surgery >=12 Yrs;
ASUR07A Laparotomy for Gastric Surgery >=12 Yrs;
ASUR08A Laparotomy for peritonitis >=12 Yrs;
ASUR09A Endoscopic surgery for bleeding oesophageal varices >=12 Yrs;
ASUR10A Laparotomy and Small Bowel Resection >=12 Yrs;
ASUR11A Laparotomy and colon resection >=12 Yrs;
ASUR12A Laparotomy for Colostomy or Ileostomy >=12 Yrs;
ASUR13A Laparotomy and AP Resection >=12 Yrs;
ASUR14A Percutaneous Ultrasound Guided Drainage of lesions >=12 Yrs;
ASUR15A Operations on Anus >=12 Yrs;
ASUR16A Laparotomy and drainage of liver >=12 Yrs;
ASUR17A Laparotomy for biliary surgery >=12 Yrs;
ASUR18A Laparotomy and Pancreatic Surgery >=12 Yrs;
ASUR19A Internal Hernia Repair >=12 Yrs;
ASUR20A External Hernia Repair >=12 Yrs;
ASUR21A Operations on the urethra >=12 Yrs;
ASUR22A Surgery on scrotum & tunica vaginalis >=12 Yrs;
ASUR23A Mastectomy >=12 Yrs;
ASUR24A Vascular surgery operations >=12 Yrs;
ASUR25A Stripping and Ligation of veins >=12 Yrs;
ASUR27A Emergency circumcision >=12 Yrs;
ASUR28A Genitourinary surgery >=12 Yrs;
ASUR30A General Surgery Excision Biopsy >=12 Yrs;
ASUR31A Incision, Drainage and Debridement - General Surgery >=12 Yrs;
ASUR32A Closure of colostomy and ileostomy >=12 Yrs;
ASUR33A Laparotomy and Porto-caval Shunt >=12 Yrs;
ASUR34A Conservative management of surgery;
ASUR35A Surgery for removal of finger/toe >= 12 Yrs;
ASUR36A Surgery for removal of hand or foot >=12 Yrs;
ASUR37A Amputation below or through elbow or knee, through proximal joints or for the complete removal of limb >=12 Yrs  ;

",,,,,,,,
